{"cameraMode":{"drawMode":0,"name":"Shaded","section":"Shading Mode"},"sceneLighting":true,"audioPlay":false,"sceneViewState":{"m_AlwaysRefresh":true,"showFog":true,"showSkybox":true,"showFlares":true,"showImageEffects":true,"showParticleSystems":true,"showVisualEffectGraphs":true,"m_FxEnabled":true},"in2DMode":false,"pivot":{"x":-5.985158920288086,"y":1.5884864330291749,"z":25.558565139770509},"rotation":{"x":0.004796755034476519,"y":0.9927237629890442,"z":-0.042028650641441348,"w":0.11334206163883209},"size":4.466025352478027,"orthographic":false}